{
    "results": [
        {
            "at": "2",
            "recall": 0.5982905982905983,
            "miss_rate": 0.375,
            "av_iou": 0.5879008704556796,
            "pckh": 0.7597222222222222
        }
    ]
}{
    "results": [
        {
            "at": "4",
            "recall": 0.6666666666666666,
            "miss_rate": 0.2535885167464115,
            "av_iou": 0.5398228886952188,
            "pckh": 0.768548387096774
        }
    ]
}{
    "results": [
        {
            "at": "6",
            "recall": 0.7264957264957265,
            "miss_rate": 0.2975206611570248,
            "av_iou": 0.61410222154311,
            "pckh": 0.782280701754386
        }
    ]
}