{
    "results": [
        {
            "at": "500",
            "recall": 0.782051282051282,
            "miss_rate": 0.12857142857142856
        }
    ]
}{
    "results": [
        {
            "at": "510",
            "recall": 0.7863247863247863,
            "miss_rate": 0.12380952380952381
        }
    ]
}{
    "results": [
        {
            "at": "520",
            "recall": 0.7777777777777778,
            "miss_rate": 0.09
        }
    ]
}{
    "results": [
        {
            "at": "530",
            "recall": 0.782051282051282,
            "miss_rate": 0.13679245283018868
        }
    ]
}{
    "results": [
        {
            "at": "540",
            "recall": 0.7863247863247863,
            "miss_rate": 0.12380952380952381
        }
    ]
}{
    "results": [
        {
            "at": "550",
            "recall": 0.7777777777777778,
            "miss_rate": 0.08542713567839195
        }
    ]
}{
    "results": [
        {
            "at": "560",
            "recall": 0.782051282051282,
            "miss_rate": 0.14883720930232558
        }
    ]
}{
    "results": [
        {
            "at": "570",
            "recall": 0.7863247863247863,
            "miss_rate": 0.13615023474178403
        }
    ]
}{
    "results": [
        {
            "at": "580",
            "recall": 0.7777777777777778,
            "miss_rate": 0.08080808080808081
        }
    ]
}{
    "results": [
        {
            "at": "590",
            "recall": 0.782051282051282,
            "miss_rate": 0.12857142857142856
        }
    ]
}{
    "results": [
        {
            "at": "600",
            "recall": 0.7863247863247863,
            "miss_rate": 0.12380952380952381
        }
    ]
}{
    "results": [
        {
            "at": "610",
            "recall": 0.7777777777777778,
            "miss_rate": 0.08542713567839195
        }
    ]
}{
    "results": [
        {
            "at": "620",
            "recall": 0.7863247863247863,
            "miss_rate": 0.15207373271889402
        }
    ]
}{
    "results": [
        {
            "at": "630",
            "recall": 0.7905982905982906,
            "miss_rate": 0.13953488372093023
        }
    ]
}{
    "results": [
        {
            "at": "640",
            "recall": 0.782051282051282,
            "miss_rate": 0.08955223880597014
        }
    ]
}{
    "results": [
        {
            "at": "650",
            "recall": 0.782051282051282,
            "miss_rate": 0.13679245283018868
        }
    ]
}{
    "results": [
        {
            "at": "660",
            "recall": 0.7905982905982906,
            "miss_rate": 0.12735849056603774
        }
    ]
}{
    "results": [
        {
            "at": "670",
            "recall": 0.782051282051282,
            "miss_rate": 0.11594202898550725
        }
    ]
}{
    "results": [
        {
            "at": "680",
            "recall": 0.782051282051282,
            "miss_rate": 0.13270142180094788
        }
    ]
}{
    "results": [
        {
            "at": "690",
            "recall": 0.7863247863247863,
            "miss_rate": 0.13615023474178403
        }
    ]
}{
    "results": [
        {
            "at": "700",
            "recall": 0.782051282051282,
            "miss_rate": 0.11165048543689321
        }
    ]
}{
    "results": [
        {
            "at": "710",
            "recall": 0.782051282051282,
            "miss_rate": 0.13679245283018868
        }
    ]
}{
    "results": [
        {
            "at": "720",
            "recall": 0.7863247863247863,
            "miss_rate": 0.12796208530805686
        }
    ]
}{
    "results": [
        {
            "at": "730",
            "recall": 0.7863247863247863,
            "miss_rate": 0.12380952380952381
        }
    ]
}{
    "results": [
        {
            "at": "740",
            "recall": 0.782051282051282,
            "miss_rate": 0.14485981308411214
        }
    ]
}{
    "results": [
        {
            "at": "750",
            "recall": 0.782051282051282,
            "miss_rate": 0.13679245283018868
        }
    ]
}{
    "results": [
        {
            "at": "760",
            "recall": 0.782051282051282,
            "miss_rate": 0.14084507042253522
        }
    ]
}{
    "results": [
        {
            "at": "770",
            "recall": 0.782051282051282,
            "miss_rate": 0.14084507042253522
        }
    ]
}{
    "results": [
        {
            "at": "780",
            "recall": 0.782051282051282,
            "miss_rate": 0.12857142857142856
        }
    ]
}{
    "results": [
        {
            "at": "790",
            "recall": 0.7863247863247863,
            "miss_rate": 0.12380952380952381
        }
    ]
}{
    "results": [
        {
            "at": "800",
            "recall": 0.782051282051282,
            "miss_rate": 0.14883720930232558
        }
    ]
}{
    "results": [
        {
            "at": "810",
            "recall": 0.782051282051282,
            "miss_rate": 0.13270142180094788
        }
    ]
}{
    "results": [
        {
            "at": "820",
            "recall": 0.7863247863247863,
            "miss_rate": 0.13615023474178403
        }
    ]
}{
    "results": [
        {
            "at": "830",
            "recall": 0.782051282051282,
            "miss_rate": 0.13270142180094788
        }
    ]
}{
    "results": [
        {
            "at": "840",
            "recall": 0.782051282051282,
            "miss_rate": 0.13270142180094788
        }
    ]
}{
    "results": [
        {
            "at": "850",
            "recall": 0.7863247863247863,
            "miss_rate": 0.1320754716981132
        }
    ]
}{
    "results": [
        {
            "at": "860",
            "recall": 0.782051282051282,
            "miss_rate": 0.09852216748768473
        }
    ]
}{
    "results": [
        {
            "at": "870",
            "recall": 0.782051282051282,
            "miss_rate": 0.13679245283018868
        }
    ]
}{
    "results": [
        {
            "at": "880",
            "recall": 0.7863247863247863,
            "miss_rate": 0.1320754716981132
        }
    ]
}{
    "results": [
        {
            "at": "890",
            "recall": 0.7777777777777778,
            "miss_rate": 0.0945273631840796
        }
    ]
}{
    "results": [
        {
            "at": "900",
            "recall": 0.7863247863247863,
            "miss_rate": 0.14418604651162792
        }
    ]
}{
    "results": [
        {
            "at": "910",
            "recall": 0.7863247863247863,
            "miss_rate": 0.12380952380952381
        }
    ]
}{
    "results": [
        {
            "at": "920",
            "recall": 0.782051282051282,
            "miss_rate": 0.09405940594059406
        }
    ]
}{
    "results": [
        {
            "at": "930",
            "recall": 0.7863247863247863,
            "miss_rate": 0.14018691588785046
        }
    ]
}{
    "results": [
        {
            "at": "940",
            "recall": 0.7863247863247863,
            "miss_rate": 0.12380952380952381
        }
    ]
}{
    "results": [
        {
            "at": "950",
            "recall": 0.7777777777777778,
            "miss_rate": 0.08542713567839195
        }
    ]
}{
    "results": [
        {
            "at": "960",
            "recall": 0.7863247863247863,
            "miss_rate": 0.14814814814814814
        }
    ]
}{
    "results": [
        {
            "at": "970",
            "recall": 0.7863247863247863,
            "miss_rate": 0.14018691588785046
        }
    ]
}{
    "results": [
        {
            "at": "980",
            "recall": 0.7777777777777778,
            "miss_rate": 0.08080808080808081
        }
    ]
}{
    "results": [
        {
            "at": "990",
            "recall": 0.7863247863247863,
            "miss_rate": 0.1320754716981132
        }
    ]
}{
    "results": [
        {
            "at": "1000",
            "recall": 0.7863247863247863,